text,category
"포스코이앤씨, 하이엔드 브랜드 '오티에르' 전용 스마트홈 플랫폼 출시. 플랫폼은 '마이홈(My Home)', '라이프(Life)', '소셜(Social)' 등 3개 영역으로 구성됐다. '마이홈'에서는 조명, 냉난방, 환기, 가전기기 등을 제어하고 생활 패턴에 맞춘 자동 모드를 이용할 수 있다.",문화/트렌드
"천만 영화 ‘서울의 봄’ 제작 하이브미디어코프, 글로벌 女토크쇼 론칭. 신규 글로벌 예능 토크쇼 ‘걸크크’는 ‘Girls Cross Talk Club’의 줄임말로, 전 세계를 대표하는 여성들이 한자리에 모여 연애·직업·문화·라이프스타일 등 다양한 주제를 두고 솔직하고 유쾌한 토크를 펼칠 예정이다 .",문화/트렌드
"볼보자동차코리아, 럭셔리 플래그십 ES90, 7월 27일부터 순차 전시. 고객들은 차량의 외관과 실내 공간을 직접 살펴보고 전시장별로 마련된 라이프스타일 프로그램에도 툴레의 프리미엄 트래블 패킹 세트와 스웨덴 라이프스타일 브랜드 라부르켓의 기프트 세트 가운데 하나를.",문화/트렌드
"신한카드, 중앙대 총동문회 제휴카드 3종 출시. 중앙대 신한카드는 '중앙人의 Pride를 카드 한 장에 담는다'는 콘셉트로, 상품 혜택에 따라 ▲더베스트 엑스오(The BEST-XO) ▲디스카운트 플랜 플러스(Discount Plan+) ▲플리 3종으로 출시돼 다양한 라이프스타일과 니즈를.",문화/트렌드
"한국허벌라이프, 함께 먹으면 좋은 음식 소개. 글로벌 건강·웰니스 전문 기업 허벌라이프는 체내 영양소의 흡수와 활용 효율을 높일 수 있는 일상 식단을 허벌라이프의 전 세계 영양 교육 및 트레이닝 담당 수석 디렉터인 수잔 바워만 박사는 ""자신의 생활 방식에 맞춰.",라이프
"걸스토크 금기 깬다 ‘서울의 봄’X‘짠한형’ 제작사, 여성 토크쇼. '걸크크'는 'Girls Cross Talk Club'(걸스 크로스 토크 쇼)의 줄임말로, 전 세계를 대표하는 여성들이 연애·직업·문화·라이프스타일 등 다양한 주제를 두고 솔직하고 유쾌한 토크를 펼치는 예능이다.",문화/트렌드
"삼성물산, HJ중공업과 홈닉 서비스 확대. 앞으로도 변화하는 주거 트렌드와 프리미엄 라이프스타일에 발맞춰, 안정적인 주거 가치를 실현하기 위해 협력과 혁신을 지속하겠다""고 말했다.",문화/트렌드
"신한카드, 중앙대학교 총동문회 제휴카드 출시. 중앙대 신한카드는 '중앙人의 Pride를 카드 한 장에 담는다'는 콘셉트로, 상품 혜택에 따라 더베스트 엑스오, 디스카운트 플랜 플러스, 플리 3종으로 출시돼 다양한 라이프스타일과 니즈를 반영했다.",문화/트렌드
"포스코이앤씨, 하이엔드 주거 플랫폼 ‘오티에르’ 론칭…스마트홈 고. 구성은 ‘마이홈’, ‘라이프’, ‘소셜’ 세 영역으로 나뉜다. ‘마이홈’은 조명, 냉난방, 환기, 가전기기 등을 통합 제어하고 생활 패턴에 맞춘 자동화 기능을 제공한다.",라이프
"LG헬로비전, 2025-2026 ESG 지속가능경영보고서 발간. 또 공식 유튜브 채널 ‘헬로라이프’의 구독자 100만 명 돌파와 국내 유료방송 플랫폼 최초 ‘골드버튼’ 수상을 통해 지역 기반의 콘텐츠가 지닌 사회적 영향력을 입증했다.",문화/트렌드
"성수에서 10만잔 팔았다…삿포로, 브랜드숍 1주년 성과 공개. 성수는 외식과 주류, 라이프스타일 브랜드의 소비 트렌드가 빠르게 반영되는 상권으로 꼽힌다. 지난 1년간 매장에는 누적 4만7000여명이 다녀갔고 생맥주 판매량은 약 9만6000잔을 기록했다.",문화/트렌드
"BAT로스만스-반얀트리 '협업'…체험부터 경품 추첨까지. BAT 로스만스 관계자는 ""도심 속 프리미엄 풀파티를 통해 여름 시즌에 어울리는 라이프스타일을 제안하고 경험 중심 소비 트렌드에 맞는 브랜드 경험을 제공하고자 한다""고 말했습니다.",라이프
EBS '왔다! K-할매의 좌충우돌 독일 라이프' 편을 방송한다.,문화/트렌드
"K뷰티 넘어 K웰니스까지…CJ올리브. 이재현 CJ그룹 회장은 지난해부터 미국, 유럽, 중동 등에서 현장 경영을 펼치며 한류에 기반한 '라이프스타 지난 5월 미국 현장 경영 당시 이 회장은 ""CJ는 식품·뷰티·스타일·편의 등 수많은 특성을 가진 '라이프.",사회/세계|라이프
"한국서 통한 올리브영 성공 공식, 미. 이는 화장품 판매를 넘어 K뷰티 라이프스타일 전반을 제안하는 올리브영의 큐레이션 전략이 미국 이번 페스타에는 총 55개의 K뷰티 및 라이프스타일 브랜드가 참여해 다채로운 체험형 콘텐츠와 대표 상품을 글로벌.",라이프
"삼성생명, K-브랜드지수 보험사 부문 1위…삼성화재·한화생명 뒤이어. 이번 보험사 부문 TOP10은 삼성생명(1위), 삼성화재(2위), 한화생명(3위), 현대해상(4위), DB손해보험(5위), 교보생명(6위), KB손해보험(7위), 미래에셋생명(8위), 메리츠화재(9위), 신한라이프(10위) 순으로 집계됐다.",문화/트렌드|사회/세계
"볼보자동차코리아 'ES90' 전국 쇼케이스. 특히 플래그십 모델의 경우 단순한 차량 전시를 넘어 브랜드가 지향하는 라이프스타일을 공유하는 공간으로 전시장을 활용하는 전략이 대세로 자리 잡으며, 고객들에게 차별화된 브랜드 경험을 제공하는 경쟁이.",문화/트렌드
AI 신약개발에 소상공인 지원·ESG까지 생태계 확산. 공식 유튜브 채널 '헬로라이프'의 구독자 100만명 돌파로 국내 유료방송 플랫폼 최초 '골드버튼'을 수상하며 지역 기반 콘텐츠의 사회적 영향력을 입증했다.,IT/과학
"대우건설, 천안 성정동 '두정역 푸르지오 그랑피크' 8월 분양. 전용 59㎡부터 114㎡까지 다양한 평면을 구성했으며, 실수요자의 다양한 라이프스타일을 고려한 특화설계를 통해 수납은 물론 공간 활용도까지 강화한 것이 특징이다.",문화/트렌드
"롯데칠성, 오트몬드 새 광고 온에어…AI 영상기술 접목. 회사는 건강한 이미지와 대중적 호감도를 갖춘 배우 고경표가 오트몬드가 지향하는 건강하고 균형 잡힌 라이프스타일을 전달하는 데 적합한 모델이라고 설명했다.",사회/세계
"일룸, 다이닝∙침실 카테고리 신제품 출시. 일룸 관계자는 ""이번 신제품은 변화하는 라이프스타일에 맞춰 모션 가구 라인업을 확대하고 제품 완성도를 높이는 데 중점을 뒀다""며 ""앞으로도 디자인과 기능을 갖춘 제품으로 다양한 생활 환경에 대응해 나가겠다""고.",라이프
"'K-브랜드지수' 삼성화재부터 신한라이프까지 빅데이터 1445만 건 분석. 신한라이프(10위) 등이 TOP10에 이름을 올렸다. 한정근 아시아브랜드연구소 대표는 ""보험산업은 위험 보장을 신한라이프가 10위권에 안정적으로 안착하며 대형사들과 어깨를 나란히 했다.",라이프|사회/세계
"삼성물산, HJ중공업과 홈플랫폼 '홈닉' 기반 스마트 주거서비스 확대. 앞으로도 변화하는 주거 트렌드와 프리미엄 라이프스타일에 발맞춰, 안정적인 주거 가치를 실현하기 위해 협력과 혁신을 지속하겠다""고 말했다.",IT/과학
"미래에셋생명, K-브랜드지수 보험사 부문 톱10 신규 진입 한화손해보험. K-브랜드지수 보험사 부문은 1위 삼성생명에 이어 삼성생명(2위), 한화생명(3위), 현대해상(4위), DB손해보험(5위), 교보생명(6위), KB손해보험(7위), 미래에셋생명(8위), 메리츠화재(9위), 신한라이프(10위) 등이 톱10에.",경제
"다올저축은행, '파이 시드머니 적금' 출시. 이에 다올저축은행은 고객들이 자신의 라이프 사이클과 재무 상황에 맞는 목표금액과 가입기간 설정으로 종잣돈(시드머니) 마련을 지원하기 위해 이번 상품을 기획했다.",문화/트렌드
글로벌 사업 확장 ‘와디즈’ 일본·중국·대만 해외 사업 직군 채용. 와디즈(대표 신혜성)의 라이프디자인 펀딩플랫폼 ‘와디즈’가 글로벌 사업 확장을 함께 이끌 인재를 모집하는 ‘2026 대한의 외국인 공개채용’을 진행한다.,IT/과학
"다이나핏, ‘살얼음·매직서커’ 등 여름 냉감 제품군 인기리 판매. 스포츠와 라이프스타일의 경계가 허물어지는 흐름 속에서 데일리 룩으로 활용 가능한 디자인과 냉감 기능성을 동시에 충족한 점이 판매 호조의 주된 요인으로 분석된다.",라이프
"롯데, '2026 하반기 VCM' 개최 外. BAT로스만스 관계자는 ""도심 속 프리미엄 풀파티를 통해 여름 시즌에 어울리는 라이프스타일을 틱톡 크루는 한국에서 생활하는 외국인 참여자들이 헤지스와 서울 라이프스타일을 경험한 뒤 자신의 일상과 시선을.",문화/트렌드
"삼성물산-HJ중공업, 홈플랫폼 '홈닉' 기반 스마트 주거 서비스 확대. 황의하 HJ중공업 건축사업본부장(전무)은 ""앞으로도 변화하는 주거 트렌드와 프리미엄 라이프스타일에 발맞춰, 안정적인 주거 가치를 실현하기 위해 협력과 혁신을 지속하겠다""고 말했다.",IT/과학
"대구서 출발한 리만코리아, 제주 리만팜서 글로벌 시장 공략 속도. 강영재 리만코리아 대표는 ""리만은 스킨케어 브랜드 ICD를 기반으로 성장해 왔으며 앞으로는 퍼스널케어와 건강기능식품까지 영역을 넓혀 고객의 일상을 함께하는 글로벌 라이프스타일 기업으로 성장하겠다""고 밝혔다 .",사회/세계
오늘의 생명보험 소식 동양생명·메트라이프생명. 메트라이프생명은 고객의 생애주기에 맞춘 '위드 유(With U)' 시리즈를 통해 차별화된 라이프케어 서비스를 확대했다.,문화/트렌드
"여자만 굽어보는 안양산이 감싸고, 봄이면 진달래 물들던 마을[자랑합니. 이후 ‘채팅하기’를 눌러 사연 전송 △ QR코드 : 라이프면 QR코드를 찍으면 문화일보 카카오톡 창으로 자동 연결 △ 전화 : 02-3701-5261 ▨ 사연 채택 시 사은품 드립니다.",라이프
"'반도체 학과'는 모두 삼전닉스 채용 보장? 공과대학의 '반도체시스템공학과'는 첨단학과로 일반 수험생을 선발하며, 미래융합대학의 '반도체산업융합학과'는 평생학습자와 특성화고 졸업 재직자를 위한 라이프(LiFE) 사업 학과다.",IT/과학
"누에라, 한층 성숙해진 무드…'.exe'! 이날 풍성한 세트리스트로 현장을 뜨겁게 달궜으며, '.exe'의 수록곡 '라이프 인 컬러'를 최초 공개해 팬들의 뜨거운 호응을 얻었다. 누에라는 오는 27일 오후 6시 네 번째 미니앨범 '.exe'를 발표한다.",문화/트렌드
"'공간을 채우는 오브제 사운드' 하만카돈, '오라캐스트·셀프 튜닝'. 글로벌 라이프스타일 오디오 시장을 선도하는 삼성전자 자회사 하만의 프리미엄 브랜드 하만카돈이 한층 진화한 포터블 홈 스피커 '하만카돈 오닉스 스튜디오 9(Onyx Studio 9)'을 국내 시장에 정식 선보인다.",문화/트렌드
"가르치는 사람이 가장 많이 배운다. 박근필성장연구소, 책쓰기 컨설팅 '독저팅', 독서모임 '필북', 뉴스레터 '필레터', 라이프 코칭 '필라이프', 트레바리 클럽을 운영하고 있다.",라이프
"서해·그랜드파크 더블 조망… ‘시티오씨엘 9단지 오션파크뷰’ 8월 분. 단지 앞에 들어설 그랜드파크는 송도국제도시의 대표 명소인 송도 센트럴파크와 맞먹는 규모로, 도심 속에서 희소성 높은 대형 공원 라이프를 선사할 전망이다.",라이프
"코오롱모빌리티, 고객·차량 데이터 활용 신사업 키운다. 사측은 ‘딜러를 넘어 모빌리티 라이프사이클 파트너로의 전환’을 핵심 방향으로 제시했다.",IT/과학
"효연, 효리수 데뷔 눈앞인데 ""이젠 춤 연습 그만하고 싶다"" 솔직(홈즈). 시간적·경제적 여유를 바탕으로 오롯이 '나'를 위한 삶을 꾸려가는 싱글 여성들의 라이프스타일을 들여다볼 예정이다.",문화/트렌드
"""삼성물산 플랫폼 빌려 씁니다""…HJ중공업 해모로도 '홈닉' 탑재. 황의하 HJ중공업 건축사업본부장(전무)은 ""변화하는 주거 트렌드와 프리미엄 라이프스타일에 발맞춰 안정적인 주거 가치를 실현하기 위해 협력과 혁신을 지속하겠다""고 했다.",문화/트렌드
"바크. 슬라이드, 클로그, 플립플랍 등 다양한 라이프스타일 디자인에 인체공학적 설계를 결합하여 의료적 기능성과 패션 아이템으로서의 심미성을 모두 만족시킨다.",IT/과학
"(주)카네, 부쉬넬골프 'Wingman HD' 출시. 골프장에서는 GPS 디바이스로 전략적인 플레이를 돕고, 라운드가 끝난 후에는 일상과 아웃도어에서 프리미엄 Bluetooth 스피커로 사용할 수 있어 하나의 제품으로 다양한 라이프스타일을 만족시키는 것이.",문화/트렌드
"헤지스, 외국인 크리에이터로 K패션 알린다. 참여자들은 한국 패션과 여행, 라이프스타일을 직접 체험한 콘텐츠를 제작해 글로벌 소비자와 소통할 예정입니다. 헤지스는 소비자 참여형 콘텐츠를 확대하며 해외 고객 접점을 넓혀나갈 계획입니다.",라이프
"오늘의 카드사 소식 신한카드·NH농협카드. NH농협카드 관계자는 ""고물가 시대에 여름휴가를 준비하는 고객들의 해외여행 비용 부담을 조금이나마 덜어드리고자 이번 이벤트를 마련했다""라며 ""앞으로도 고객들의 라이프스타일과 트렌드에 맞춘 차별화된 혜택과.",라이프
"다이나핏, ""매직서커 전년比 148% 성장…냉감 제품 라인업 확대"". 스포츠와 라이프스타일의 경계가 허물어지는 흐름 속에서 데일리 룩으로 활용 가능한 디자인과 냉감 기능성을 동시에 충족한 점이 판매 호조 요인으로 분석된다.",라이프
"중소자영업총연합회·리드라이프·젠틀펫·펫요람무, 지역경제 활성화. 연합회는 지난 8일 중소자영업총연합회에서 리드라이프, 젠틀펫, 펫요람무와 '지역경제 활성 및 소상공인 중소자영업총연합회는 전국 소상공인 네트워크를 활용해 사업 확산을 지원하고, 리드라이프는 반려동물 장례.",사회/세계
"삼성생명, 시니어 건강보험 출시…은퇴 후 납입 완화 구조 도입. 이외에도 신한라이프 등 주요 생보사들이 노년기 삶의 질을 좌우하는 뼈·관절 질환 및 퇴행성 뇌질환 중심의 신규 담보 개발에 속도를 내면서, 은퇴 시장을 선점하기 위한 상품 경쟁은 더욱 치열해질 전망이다.",라이프
"TWW, 아침·밤 맞춤 치약과 마우스워시 출시. 웰니스 라이프스타일 브랜드 TWW(Time Works Wonders)는 치약 2종과 마우스워시를 출시하며 첫 구강 케어 라인을 선보인다고 15일 밝혔다.",라이프
"볼보코리아, ES90 출시 기념 전국 전시장 쇼케이스 진행. 전시장별로 고객이 참여할 수 있는 라이프스타일 프로그램도 운영할 예정이다. ES90은 세단의 비율에 스포츠유틸리티차량(SUV)의 공간과 패스트백의 실용성을 결합한 볼보의 전기 플래그십 모델이다.",문화/트렌드
"지능형 홈네트워크, 난방비·가스비 '절감' 전기료는 '역설적 상승'. 다만 연구팀은 ▲지능형 홈 시스템이 최신·고가 단지 중심으로 보급돼 있는 점 ▲거주자의 소득 수준·라이프스타일 등이 분석 결과에 영향을 미쳤을 가능성 ▲시스템의 작동 방식과 범위가 다양해 표준화된 통계.",IT/과학
"볼보자동차코리아, ES90 출시 기념 전국 전시장 쇼케이스 진행. 참여형 라이프스타일 프로그램도 함께 운영될 예정이다.",문화/트렌드
"메트라이프생명, 생애주기별 맞춤형 고객 케어 강화. 특히 단순한 보험금 지급이나 상품 판매라는 전통적 역할을 넘어, 소비자의 삶 전반을 돌보는 헬스케어 및 라이프케어 서비스로 외연을 확장하려는 시도가 활발하다.",라이프
"삼성화재 1위 독주 DB손해보험·교보생명 순위 약진 K-브랜드지수 보. K-브랜드지수 보험사 부문은 1위 삼성생명에 이어 삼성생명(2위), 한화생명(3위), 현대해상(4위), DB손해보험(5위), 교보생명(6위), KB손해보험(7위), 미래에셋생명(8위), 메리츠화재(9위), 신한라이프(10위) 등이 TOP10에.",문화/트렌드|사회/세계
"""휴가지에서도 말끔하게""…쿠쿠, ‘여행용 스팀다리미’ 출시. 쿠쿠는 라이프스타일 가정 시장을 공략하며 다리미 외에도 인덕션, 얼음정수기, 음식물처리기, 청소기 등의 60여종의 제품을 선보이고 있다.",라이프
"“해모로 입주민에 홈닉 서비스 제공”…삼성물산, HJ중공업과 스마트. 이에 황의하 건축사업본부장(전무)은 “앞으로도 변화하는 주거 트렌드와 프리미엄 라이프스타일에 발맞춰, 안정적인 주거 가치를 실현하기 위해 협력과 혁신을 지속하겠다”고 화답했다.",IT/과학
"삼성물산, HJ중공업과 손잡고 ‘해모로by홈닉’ 선봬. 황의하 HJ중공업 건축사업본부장(전무)은 “이번 업무협약을 통해 사업지별 특성에 맞춘 한 차원 높은 스마트 주거 서비스를 선보일 수 있는 계기를 마련했다”며 “앞으로도 변화하는 주거 트렌드와 프리미엄 라이프.",라이프
"삼성물산·HJ중공업, '해모로by홈닉'으로 스마트 주거 서비스 확장. 황의하 HJ중공업 건축사업본부장은 ""이번 협약으로 각 사업지 특성에 맞는 차별화된 스마트 주거 서비스를 선보이게 됐다""며 ""앞으로도 변화하는 주거 트렌드와 프리미엄 라이프스타일에 맞춰 안정적 주거 가치 제공을.",IT/과학
"볼보차코리아, ES90 출시 기념 전국 전시장 쇼케이스 진행. 참여형 라이프스타일 프로그램도 함께 운영한다.",라이프
"""강아지 폭염·열사병 대비""···쏘오옥, 냉장고 시스템 선보여. 이러한 점을 고려해, 반려동물 라이프스타일 브랜드 쏘오옥(SSOOOK)은 단순한 쿨링 제품이 아닌, 강아지가 머무는 공간 자체를 시원하게 유지하는 '냉장고 시스템'을 선보이고 있다고 밝혔다.",라이프
"금천구 시흥3동 금천교회 청년부, 취약계층 독거어르신 위한. 공연과 전시, 운동 등 다양한 문화생활을 누릴 수 있는 '중구 라이프업 패스'도 도입해 청년들이 중구에서 일하고 생활하며 삶의 즐거움까지 누릴 수 있도록 뒷받침할 계획이다.",라이프
"파라다이스시티, '원 유니버스 페스티벌 2026' 개최…마이 블러디 발렌. 원유니버스스튜디오가 주최하고 플럭스소닉이 주관하는 OUF 2026은 음악을 중심으로 다양한 문화와 라이프스타일 콘텐츠를 함께 즐길 수 있는 복합문화 축제다.",문화/트렌드
"메트라이프생명, 'With U'로 생애주기 라이프케어 확대. 메트라이프생명이 고객 생애주기에 맞춘 고객 경험 프로그램 'With U' 시리즈를 확대하며 보험을 넘어 생활 전반의 라이프케어 접점을 강화하고 있다.",라이프
"대만 타이베이시, 대구 치맥페스티벌서 관광 콘텐츠 소개…'Taipei, My Typ. 최근 한국 자유여행객 사이에서는 유명 관광지 순회에서 벗어나 개인의 취향과 라이프스타일에 맞춘 여행을 선호하는 경향이 뚜렷해지고 있다.",문화/트렌드
"삼성물산, HJ중공업과 홈닉 협력…해모로 스마트 주거서비스 확대. 황의하 HJ중공업 건축사업본부장 전무는 “이번 업무협약을 통해 사업지별 특성에 맞춘 한 차원 높은 스마트 주거 서비스를 선보일 수 있는 계기를 마련했다”며 “앞으로도 변화하는 주거 트렌드와 프리미엄 라이프스.",라이프
"‘펜타힐즈 W스퀘어’, 언니네필라테스와 업무협약 체결. 분양을 맡은 3SC&F(쓰리에스씨앤에프) 관계자는 “이번 업무협약은 경산시민들의 라이프스타일을 반영한 다양한 콘텐츠를 확보하기 위한 노력의 일환”이라며 “브랜드 유치가 이어지면서 점포 분양 상담도 꾸준히.",경제
"큐리오시스, 머크 공급계약 소식에 19%대 강세. EMD 밀리포어가 속한 머크 라이프사이언스 부문은 지난해 약 15조5000억원(89억8000만 유로)의 매출을 올렸다. 큐리오시스는 이번 대형 유통망 확보를 계기로 글로벌 시장 지배력을 한층 강화할 계획이다.",경제
"신한카드, 35만 동문 자부심 담은 '중앙대학교 총동문회 제휴카드' 3종. 신한카드가 대학 동문 네트워크와의 유기적 협력을 다지고 동문 맞춤형 라이프스타일 혜택을 집약한 새로운 제휴 금융 플랫폼을 구축했다.",라이프
"신한라이프, 시니어 대상 '행복한 삶, 현명한 자산관리' 개최. 신한라이프는 지난 13일 서울 중구 을지로 푸르지오 아트홀에서 시니어 고객을 대상으로 '행복한 삶, 현명한 자산관리' 세미나를 열었다고 15일 밝혔다.",사회/세계
"동원F&B, ‘덴마크 하이(Hej!)’ 브랜드 캠페인 전개. 2024년 론칭된 ‘덴마크 하이(Hej!)’는 덴마크어 인사말에서 착안한 브랜드로 건강한 라이프스타일을 제안하는 의미를 담고 있으며 론칭 2년 만에 누적 매출 800억 원을 기록했다.",경제
"대상펫라이프, 반려견 관절 영양제 '아이큐어' 출시 조기 관리 강화. 대상펫라이프의 반려동물 건강식품 브랜드 닥터뉴토가 임상 수의사와의 협업을 통해 반려견 관절 건강을 위한 신제품을 선보이며 반려동물 영양제 시장 공략에 속도를 낸다.",라이프
"‘고객 접점 강화’⋯ 볼보코리아, ES90 전국 전시장 쇼케이스 진행. 참여형 라이프스타일 프로그램도 함께 운영될 예정이다.",문화/트렌드
"신한카드, 중앙대학교 동문 제휴카드 출시…다양한 소비 반영. 중앙대 신한카드는 '중앙人의 Pride를 카드 한 장에 담는다'는 콘셉트로, 상품 혜택에 따라 더베스트 엑스오(The BEST-XO), 디스카운트 플랜 플러스(Discount Plan+), 플리 3종으로 출시돼 다양한 라이프스타일과 니즈를.",문화/트렌드
"""소노시즌 탈취템, 신세계면세점에서 만나보세요"". 소노스퀘어의 라이프스타일 브랜드 소노시즌은 신세계면세점에서 '피톤치드 3.0 리츄얼 스프레이' 판매를 시작한다고 15일 밝혔다.",문화/트렌드
"리프(REEF), 성수 팝업스토어 오픈… 썸머 슈즈 트렌드 제안. 비치 라이프스타일과 자유로운 브랜드 철학을 직접 경험할 수 있도록 기획했다”며 “앞으로도 다양한 해변에서 얻은 영감을 바탕으로 도심과 해변 어디서나 조화를 이루는 라이프스타일 슈즈를 선보이고 있다.",사회/세계
"로엠, '코티지 걸' 컬렉션 공개. '반팔 타이 티셔츠'는 스트라이프 패턴에 타이 디테일을 더한 아이템으로, ‘카프리 팬츠’와 함께 기존의 사랑스러운 페미닌룩을 넘어, 현대 직장인 여성들의 라이프스타일에 맞춘 실용적인 컬렉션으로 진화하고.",문화/트렌드
"글로, 반얀트리 서울 오아시스 풀파티 협업…여름 시즌 브랜드 체험 운. 음악, 라이프스타일을 결합한 콘텐츠를 선보일 예정이다.",라이프|문화/트렌드
"슈마커 리프, 16일 성수 팝업과 함께 서머 슈즈 트렌드 제안. 비치 라이프스타일과 자유로운 브랜드 철학을 직접 경험할 수 있도록 기획했다”라며 “앞으로도 다양한 해변에서 얻은 영감을 바탕으로 도심과 해변 어디서나 조화를 이루는 라이프스타일 슈즈를 선보이고 있다.",사회/세계
"이기형 김포시장, 김포FC 공금 횡령 사건 사과 특별감사 지시. 문화 정착 ▲감사결과 투명 공개 등 이번 일을 계기로 지방공기업과 출자·출연기관의 회계 및 감사 체계를 전면 개편할 방침이다. 덧붙이는 글 | 이 기사는 로컬라이프(www.locallife.news)/세무뉴스(www.taxnews.kr)에도 실립니다.",사회/세계
"결혼정보회사 '젠틀리즈', TCI 검사 기반 매칭 시스템 도입···등급 대. 젠틀리즈 관계자는 ""조건이라는 기본 베이스 위에 기질과 라이프스타일의 결이 맞을 때 비로소 오랜 관계 이어 ""젠틀리즈는 나이가 꽉 차서 찾는 곳이 아니라 가장 젊고 멋진 시기에 라이프스타일을 공유할 배우자를.",IT/과학
"'중앙대 전용 카드' 출시한 신한, 이유는? 중앙대 신한카드는 상품 혜택에 따라 더베스트 엑스오(The BEST-XO), 디스카운트 플랜 플러스(Discount Plan+), 플리 3종으로 출시돼 다양한 라이프스타일과 니즈를 반영했다.",라이프
"LF 헤지스, 외국인 '틱톡 크루' 2기 출범…K패션 알린다. 패션·라이프스타일을 경험하고 이를 콘텐츠로 제작하는 글로벌 마케팅 프로그램이다.",문화/트렌드|라이프
"메트라이프생명, 'With U'로 생애주기 맞춤 라이프케어 확대. 메트라이프생명(대표 송영록)은 고객 인생 여정 전반에 함께하는 고객 경험 프로그램 'With U(위드 유)' 시리즈를 통해 차별화된 라이프케어 경험을 제공한다고 15일 밝혔다.",IT/과학
"슬리포노믹스 탄 모션베드 인기↑…일룸, 모션가구 라인업 강화. 등 라이프스타일 별 활용도를 높였다. 업계에서는 '슬리포노믹스'와 거실 서재화, 스마트 가전 확산 등 라이프스타일 변화가 모션 가구 수요를 끌어올리고 있다는 분석이 나온다.",문화/트렌드
"공중낙하 쇼?… 톰 크루즈, 월드컵 폐막식 특별 출연 관심. 이번 대회 결승전은 오는 20일 새벽 4시 미국 뉴저지주 이스트 러더퍼드 1에 위치한 메트라이프 스타디움에서 열릴 예정이다. 크루즈는 결승전에 앞서 열릴 예정인 폐막식 행사에 나서는 것.",문화/트렌드
"삼성생명, 시니어 건강보험 출시 外. NH농협카드 관계자는 ""여름휴가를 준비하는 고객들의 해외여행 비용 부담을 덜어 드리고자 마련한 이벤트""라며 ""앞으로도 고객 라이프스타일에 맞춘 혜택을 지속 확대하겠다""고 말했다.",라이프
"케이엠제약, 백승원 대표 대상 10억원 유증 결정. 회사는 현재 주문자상표부착생산(OEM)·제조업자개발생산(ODM) 사업 확대와 라이프케어 브랜드 육성, 생산 효율 개선, 재무구조 개선을 추진하고 있다.",경제
복합문화 축제 파라다이스시티·우수회원 멤버십 롯데호텔. ‘OUF 2026’은 음악을 중심으로 다양한 문화와 라이프스타일 콘텐츠를 함께 경험할 수 있는 복합문화 축제다. 올해는 마이 블러디 발렌타인이 25일 헤드라이너로 나선다.,라이프|문화/트렌드
"LG헬로비전, 지속가능경영보고서 발간…AI 기반 지역 상생 성과 공개. LG헬로비전 공식 유튜브 채널 '헬로라이프'는 구독자 100만명을 돌파하고, 국내 유료방송 플랫폼 최초로 골드버튼을 수상했다. 기후위기 대응 활동도 이어가고 있다.",IT/과학
"“몸도 즐라탄” 신현준, 57세 믿기 힘든 근육질 몸매 공개 5년째 금주. 신현준은 평소 철저한 자기관리와 건강한 라이프스타일로도 유명하다.",라이프
"LG U+, '로밍패스' 개편. 또 공식 유튜브 채널 '헬로라이프'의 구독자 100만 명 돌파와 국내 유료방송 플랫폼 최초 '골드버튼' 수상을 통해 지역 기반의 콘텐츠가 지닌 사회적 영향력을 입증했다.",문화/트렌드
"동아오츠카 '오란씨', 55년 헤리티지 새롭게 디자인한다 BI 공모전 개최. 또한 250mL 한 캔에는 비타민C 100mg이 함유돼 성인 하루 권장량을 충족할 수 있어 맛과 건강을 함께 고려하는 젊은 소비자들의 라이프스타일과도 맞닿아 있다는 평가다.",문화/트렌드
"리센느, 음악방송 첫 1위…""꿈꾸는 이들에, 희망 되길"". 리센느는 지난 14일 생방송으로 진행된 SBS 라이프 '더쇼'(THE SHOW)에서 신곡 '프리티 걸'(Pretty Girl) 무대를 실시간 차트 1위, 플로 차트 6위를 안았다. 한편 리센느는 '프리티 걸' 활동을 이어간다.",문화/트렌드
"iFA, iM라이프와 공동기획 'AI 연금보험' 2종 선봬. |중앙이코노미뉴스 정재혁 기자|iFA는 iM라이프와 함께 연금보험 상품 2종을 이달 1일 출시했다고 15일 밝혔다. iFA는 iM라이프와 함께 연금보험 상품 2종을 이달 1일 출시했다고 15일 밝혔다.",경제
"""가구도 온라인 비교 구매""…까사미아, 전용 라인업 확대. 15일 신세계까사는 리빙·라이프스타일 브랜드 까사미아의 온라인 전용 상품을 확대하고, 소파와 리클라이너 신세계까사 관계자는 ""20·30세대는 온라인을 통해 가구를 비교하고 자신의 공간과 라이프스타일에 맞는.",라이프
"꽁꽁 묶인 음바페 ""우리는 엉성했다"" 자책 스페인, 사실상의 결승서. 결승에 선착한 스페인은 오는 20일 미국 뉴저지주 메트라이프 스타디움에서 잉글랜드와 아르헨티나 경기의 승자와 최종 왕좌를 놓고 다툰다. 탈락한 프랑스는 오는 18일 미국 마이애미가든스에서 3·4위전을 치른다.",문화/트렌드|사회/세계
"원지, 가비→이시안 캐리어에 경악 “엄청나게 큰 보디 브러시”(짐쌀라. 8월 1일 첫 방송되는 ENA 새 예능 프로그램 ‘짐쌀라비움’은 서로 다른 취향과 라이프스타일을 가진 여행자 네 명이 캐리어 하나로 떠나는 ‘4인 1캐’ 미니멀리즘 밀착 여행 버라이어티.",문화/트렌드
"국민연금 ""㈜한화 인적분할 찬성""…오너 3세 '계열 분리' 본격화. 삼남 김동선 부사장이 이끄는 유통·테크·라이프 부문은 신설법인인 '한화머시너리앤서비스홀딩스(가칭) 김동선 부사장은 신설법인을 중심으로 유통, 호텔·레저, F&B 등 라이프 사업과 로봇·비전 등 테크 사업의.",경제
"버닝무브, 소비자 관심 이어지며 4만 대 규모 추가 생산 진행. 더스크랙 관계자는 ""버닝무브는 점핑 운동과 밸런스 트레이닝을 하나의 제품으로 즐길 수 있다는 점에서 많은 관심을 받고 있다""며 ""앞으로도 소비자들의 다양한 운동 환경과 라이프스타일을 고려한 홈트레이닝 제품을.",라이프
"삼성물산 '홈닉', HJ중공업 아파트 '해모로'에도 적용. 황의하 HJ중공업 건축사업본부장은 ""이번 업무협약을 통해 사업지별 특성에 맞춘 한 차원 높은 스마트 주거 서비스를 선보일 수 있는 계기를 마련했다""며 ""앞으로도 변화하는 주거 트렌드와 프리미엄 라이프스타일에.",라이프
"동원F&B, 프리미엄 발효유 '덴마크 하이(Hej!)' 브랜드 캠페인 전개. 동원F&B가 2024년 론칭한 ‘덴마크 하이(Hej!)’는 덴마크어로 건강과 안부를 묻는 인사말 ‘하이(Hej)’에서 착안했으며, 덴마크 유산균을 통해 건강한 라이프스타일을 소비자들에게 제안한다는 메시지를 담고 있다 .",문화/트렌드
"LG헬로비전, 지속가능경영보고서 발간…AI 상생 활동 담았다. 아울러 LG헬로비전은 공식 유튜브 채널 ‘헬로라이프’의 구독자가 100만명을 돌파하고, 국내 유료 방송 플랫폼 최초 ‘골드버튼’을 수상했다고 설명했다.",IT/과학
"외국인이 K패션 알린다…LF 헤지스, 글로벌 틱톡 크루 2기 출범. 단순한 제품 소개를 넘어 한국 여행과 패션, 문화, 라이프스타일을 자연스럽게 연결한 콘텐츠를 통해 글로벌 고객들과 소통하고, 브랜드 경험을 각자의 문화권으로 확산시키는 전략이다.",문화/트렌드|라이프
"대만 타이베이시, ‘타이베이, 마이 타입’으로 한국 여행객 취향 저격. 정해진 관광 코스를 따르기보다 자신의 관심과 라이프스타일에 맞춰 여행 일정을 구성하려는 취향과 라이프스타일에 맞는 여행을 선호하는 경향이 확산되고 있다”며 “타이베이는 활기찬 도시 풍경과 풍부한 미식.",라이프
천안 성정동에 1438세대 대단지 숲 들어선다…대우건설 '두정역 푸르지. 세대 내부에는 입주민의 다양한 라이프스타일을 반영한 수납 강화형 특화 평면이 설계된다.,사회/세계
"누에라, 미니 4집 ‘.이엑스이’ 추가 콘셉트 공개…청량 비주얼. 현장에서 미니 4집 수록곡인 ‘라이프 인 컬러’ 무대를 최초 공개해 팬들의 큰 호응을 얻기도 했다. ‘.이엑스이’는 오는 27일 오후 6시 각종 온라인 음원 사이트를 통해 발매된다.",문화/트렌드
'강회장' 감독이 말하는 '아이돌 출신' 이준영→이서안의 공통점은? '신입사원 강회장'은 사업의 신(神)이라 불리는 굴지의 대기업 최성그룹의 회장 강용호(손현주)가 사고로 원치 않는 2회차 인생을 살게 되는 리마인드 라이프 스토리.,문화/트렌드|사회/세계
"“초복 보양식도 가볍게” 부담 없이 즐기는 여름 보양식 3. 먹으면, 한 그릇만으로도 든든하게 기력을 채울 수 있다. 부드럽고 고소한 장어 살에 생강채와 와사비를 살짝 곁들이면 기름진 맛은 덜고 한층 산뜻하고 깔끔한 풍미를 느낄 수 있다.",라이프
부산 글로벌 AI에이지테크 도시 '퀀텀 점프'. 부산시와 부산정보산업진흥원은 이 사업에서 에이지테크 응용 및 적용 범위를 운동·여가·교육·금융·푸드·사회 참여 등 시니어 라이프 전반으로 확대해 나갈 계획이다.,IT/과학
"LG전자 베스트샵 현대 중동점, 19일부터 리뉴얼 오픈 행사 진행. LG전자 베스트샵 현대 중동점 관계자는 “리뉴얼 오픈을 맞아 고객별 라이프스타일과 구매 목적에 맞춘 다양한 혜택을 준비했다”며 “웨딩과 입주 고객은 물론 직장인과 공무원, 군인, 보훈대상자까지 고객 유형별로.",문화/트렌드
"리프, 성수 팝업스토어 오픈. 리프(REEF)는 1984년 미국 샌디에이고에서 바다와 서핑을 사랑한 두 형제에 의해 탄생했다. 해변에서 얻은 영감을 바탕으로 도심과 해변 어디서나 조화를 이루는 독창적인 디자인의 라이프스타일 슈즈를 선보이고 있다.",사회/세계
"대상펫라이프, 닥터뉴토 '아이큐어 데일리케어 관절' 출시…펫 헬스케어. |중앙이코노미뉴스 윤남웅 기자|대상펫라이프 닥터뉴토, 반려견 관절 영양제 '아이큐어 데일리케어 관절' 출시.",라이프
"코오롱모빌리티그룹, ‘딜러’ 넘어 모빌리티 생애주기 파트너로. 하반기 화두는 ‘모빌리티 라이프사이클 파트너로의 전환’이다.",문화/트렌드
"“GitLab: DevSecOps를 위한 지능형 오케스트레이션 플랫폼” 7. 이번 웨비나에서는 AI 기반 코드 생성에 그치지 않고 기획부터 개발, 보안 검증, 배포, 운영까지 소프트웨어 개발 라이프사이클 전반을 AI로 최적화하는 GitLab Ultimate와 Duo Agent Platform(DAP)의 DevSecOps 전략을.",IT/과학
"온어스링크잇, ‘컨시어지 출동서비스’ 개시…Harley-Davidson H.O.G. 첫 적용 대상은 글로벌 컨시어지 서비스 운영사 어스파이어 라이프스타일스(Aspire Lifestyles)를 통해 서비스를 이용하는 Harley-Davidson H.O.G. 고객이다.",사회/세계
"반얀트리 부산 해운대, 2차 아너스 회원 모집. 루펜티스㈜ 관계자는 “아너스 회원은 반얀트리만의 철저한 프라이바이 콘셉트와 하이엔드 라이프스타일을 공유하는 핵심 커뮤니티의 일원”이라며 “부산 기장의 수려한 자연 속에서 세계적 수준의 휴양 가치를.",문화/트렌드
"타이베이시 한국 여행객 대상으로 개인별 맞춤형 관광 테마 공개. 대만 타이베이시가 한국인 자유여행객을 겨냥해 개인의 취향과 라이프스타일을 반영한 맞춤형 관광 테마인 Taipei, My Type(타이베이, 마이 타입)을 제시하며 도시의 다각적인 매력 전파에 나섰다.",라이프
럭셔리 여행객은 왜 고급 레스토랑보다 노량진수산시장에 열광했나 [최. 이들은 유명 관광지를 몇 곳 더 둘러보는 것보다 그 나라의 문화와 라이프스타일을 자신만의 방식으로 이 과정에서 중요한 것은 단순히 시장을 구경하는 것이 아닌 한국 식문화와 라이프스타일을 흥미롭고 매력적으로.,라이프
"파라곤필터, 구매형 언더싱크 직수 정수기 'Basic·Better' 출시. 회사 관계자는 ""렌탈이 중심이던 기존 정수기 시장에서 직접 구매해 사용하는 제품을 찾는 소비자 수요에 대응하기 위해 신제품을 기획했다""며 ""앞으로 가정에서 사용할 수 있는 다양한 홈 라이프 제품군으로.",사회/세계
"대만 타이베이시, 'Taipei, My Type' 캠페인 전개…대구 치맥페스티벌 참. 한국 자유여행객들 사이에서는 유명 관광지를 둘러보는 것을 넘어 자신의 취향과 라이프스타일에 맞는 여행을 선호하는 경향이 확산되고 있다.",문화/트렌드
"피에브 차량용 고체 탈취제 신제품 출시하며 관련 시장 공략 개시. 현재 라이프스타일 브랜드 노도르(NODOR)를 비롯해 프리미엄 탈취 브랜드 피에브, 기능성 브랜드 닥터포틴(Dr.14), 블렌드모어(Blendmore) 등의 브랜드를 구축하여 시장에 공급하고 있다.",라이프
"중도금 40% 무이자 '더클라브60 워크앤 스테이 여의도' 공급. 비즈니스 라이프 공간을 선보일 것""이라고 말했다. 한편, 최근 고액 자산가가 꾸준히 늘어나면서 라이프스타일과 공간 선택 기준도 세분화되고 있다.",문화/트렌드
"(주)브이플랫폼, 중국 유통사 '포요우스'와 300만 달러 수출 계약…글로. 뷰티&라이프 전문 브랜드사 (주)브이플랫폼(대표 설혜진)이 중국 시장에서 또 한 번 대규모 수출 계약을 한편 브이플랫폼은 브랜드 기획력과 글로벌 소싱 역량을 기반으로 성장하고 있는 뷰티&라이프 전문.",경제
"삼성물산과 HJ중공업, 홈닉 활용한 아파트 전용 주거서비스 해모로by홈. HJ중공업 황의하 전무는 사업지마다 다른 특성을 살린 진일보한 주거 서비스를 선보일 기반이 마련됐다고 평가하면서, 달라지는 주거 트렌드와 고급화되는 라이프스타일에 맞춰 안정적인 주거 가치를 만들어가는.",라이프
"파라곤필터, 가정용 언더싱크 직수 정수기 'Basic·Better' 출시. 이번 신제품을 통해 렌탈 중심 정수기 시장에서 구매형 정수기 수요에 대응하고, 향후 다양한 홈 라이프 제품군으로 브랜드 영역을 넓혀갈 계획이다""라고 말했다.",사회/세계
"대만 타이베이시, 'Taipei, My Type' 주제로 다양한 여행 매력 소개. 최근 자유여행이 확산되면서 한국 여행객들은 단순히 유명 관광지를 둘러보는 것을 넘어 자신의 취향과 라이프스타일에 맞는 여행을 선호하는 추세다.",라이프
"블리쉐던, 하우스오브신세계 청담 트웰브 공식 입점… 프래그런스 바디. 하우스오브신세계 청담 트웰브는 프리미엄 라이프스타일과 웰니스를 테마로 다양한 브랜드를 큐레이션하는 블리쉐던 관계자는 ""하우스오브신세계 청담 트웰브가 제안하는 프리미엄 라이프스타일과 웰니스 중심의.",문화/트렌드
"대만 타이베이시, ‘Taipei, My Type’ 통해 여행 콘텐츠 선보여. 최근 한국 자유여행객들은 유명 관광지를 둘러보는 데 그치지 않고 자신의 취향과 라이프스타일에 맞춘 여행을 선호하는 경향을 보이고 있다.",라이프
"""커피값 아끼고 취향도 담고""…2030, 텀블러 들고 다닌다. 텀블러가 단순한 음료 용기를 넘어 일상 속 소비 습관과 라이프스타일을 반영하는 아이템으로 자리 잡고 있다는 분석이다. 텀블러를 휴대하는 것이 하나의 트렌드라는 인식도 확산하고 있다.",라이프
"실리만, 여름방학 맞아 샌드위치 메이커 제안. 실리만은 소형가전을 단순한 조리기기가 아닌 일상의 편의성과 시간을 더하는 라이프스타일 제품으로 함께하는 공간""이라며 ""변화하는 라이프스타일에 맞춰 실용성과 편의성을 갖춘 다양한 제품을 선보이겠다""고 말했다.",사회/세계
"타이베이시, 'Taipei, My Type' 캠페인 취향 맞춤 여행 매력 소개. 이번 캠페인은 유명 관광지를 둘러보는 여행을 넘어 개인의 취향과 라이프스타일에 맞는 여행을 선호하는 최근 자유여행 트렌드를 반영해 기획됐다.",라이프
"NH농협카드, 여름 휴가철 해외결제 7% 캐시백. NH농협카드 관계자는 ""고물가 시대에 여름휴가를 준비하는 고객들의 해외여행 비용 부담을 조금이나마 덜어드리고자 이번 이벤트를 마련했다""며 ""앞으로도 고객들의 라이프스타일과 트렌드에 맞춘 차별화된 혜택과.",라이프
"취향 따라 즐기는 타이베이…'Taipei, My Type'으로 한국 관광객 공략. 뷰어스 문형민 기­자 mhyung13@viewers.co.kr 대만 타이베이시가 개인의 취향과 라이프스타일에 맞춘 여행을 각자의 라이프스타일에 맞는 타이베이 여행을 즐길 수 있도록 다양한 관광 콘텐츠와 프로모션을 지속적으로.",문화/트렌드
"글로벌 비치 슈즈 브랜드 리프(REEF), 성수 팝업스토어 오픈. 리프 마케팅팀 담당자는 ""이번 성수동 팝업스토어는 단순한 제품 전시를 넘어 리프가 추구하는 비치 라이프스타일과 자유로운 브랜드 철학을 직접 경험할 수 있도록 기획했다""며 ""앞으로도 다양한 접점을 통해 더 많은.",문화/트렌드
"이지온행거(EASYON), 더블 드레스룸 시스템가구 출시…붙박이장 없이도. 이어 ""앞으로도 소비자의 다양한 주거환경과 라이프스타일을 반영한 공간 정리 솔루션을 지속적으로 선보이며 국내 드레스룸 시스템가구 시장을 선도해 나갈 계획""이라고 덧붙였다.",사회/세계
"대만 타이베이시, 'Taipei, My Type'… 취향 따라 즐기는 도시 여행. 최근 자유여행은 단순히 유명 관광지를 방문하는 방식에서 벗어나 개인의 라이프스타일과 관심사를 반영하는 흐름으로 변화하고 있다.",라이프
"대만 타이베이시, 'Taipei, My Type' 주제로 자유여행 매력 전해. 이번 캠페인은 최근 자유여행객들 사이에서 자신의 취향과 라이프스타일에 맞는 여행을 선호하는 트렌드를 반영해 기획됐다.",문화/트렌드
"'대세' 리센느, '프리티 걸'로 '더쇼' 1위…음악방송 정상은 데뷔 후 처. 14일 오후 방송한 SBS 라이프 '더쇼'에서 리센느(원이·리브·미나미·메이·제나)는 그룹 아홉(AHOF), 베이온(VAYONN)과 함께 1위 후보에 올랐다.",문화/트렌드
"타이베이시, 대구 치맥페스티벌서 'Taipei, My Type' 공개 韓 여행객과. 최근 한국 자유여행객들 사이에서는 유명 관광지를 둘러보는 것을 넘어 자신의 취향과 라이프스타일에 맞는 여행을 선호하는 경향이 확산되고 있다.",문화/트렌드
"대만 타이베이시, 'Taipei, My Type'으로 취향별 여행 제안. 최근 한국 자유여행객들 사이에서는 유명 관광지를 둘러보는 것을 넘어 자신의 취향과 라이프스타일에 맞는 여행을 선호하는 경향이 확산되고 있다.",문화/트렌드
"효연, 효리수 데뷔 앞두고 ""이제 춤 연습 그만하고 싶어"" ('홈즈'). 시간적·경제적 여유를 바탕으로 오롯이 '나'를 위한 삶을 꾸려가는 싱글 여성들의 라이프스타일을 들여다볼 예정이다.",문화/트렌드
"'홈즈' 소녀시대 효연, 강희재 한남동 집 인테리어에 ""꿈꾸던 공간"". 홈즈'에서 싱글 라이프를 엿본다. 16일 방송되는 MBC '구해줘!",문화/트렌드
"삼성물산, HJ중공업 신축 '해모로' 아파트에 '홈닉' 적용. 황의하 전무는 “이번 협약을 통해 사업지별 특성에 맞춘 한 차원 높은 스마트 주거 서비스를 선보일 수 있는 계기를 마련했다”며 “앞으로도 변화하는 주거 트렌드와 프리미엄 라이프스타일에 발맞춰 안정적인.",라이프
"야말에 막힌 음바페…스페인, 16년 만에 월드컵 결승 진출. 아르헨티나의 준결승(16일 미국 조지아주 애틀랜타 스타디움) 패자와 3~4위 결정전을 치른다. 스페인은 19일 미국 뉴저지주 메트라이프 스타디움에서 열리는 결승전에서 잉글랜드-아르헨티나전 승자와 우승을 놓고 다툰다.",문화/트렌드|사회/세계
"""찰리 푸스 잇는 역대급 라인업""…파라다이스시티, '원 유니버스 페스티. 원유니버스스튜디오가 주최하고 플럭스소닉이 주관하는 이번 행사는 음악을 중심으로 다양한 문화와 라이프스타일 콘텐츠를 함께 즐길 수 있는 복합문화 축제다.",라이프|문화/트렌드
"신세계까사 '까사미아', 온라인 전용 상품 라인업 강화…2030 공략. 신세계까사 관계자는 ""2030세대는 온라인을 통해 가구 정보를 탐색하고 자신의 공간과 라이프스타일에 맞는 상품을 합리적으로 선택하는 데 익숙한 고객층""이라며 ""까사미아는 앞으로도 온라인 채널에 특화한 상품.",라이프
"식품·유통업계, 프리미엄 주류부터 여름 디저트·반려동물 영양제까지. 대상펫라이프의 반려동물 건강식품 브랜드 '닥터뉴토'는 반려견 관절 건강 특화 영양제 '아이큐어 데일리케어 관절'을 출시했다.",라이프
"오필리, CJ온스타일 ‘김호영의 투머치쇼’서 신제품 2종 론칭. 인플루언서 ‘하준맘’의 실제 사용 경험을 토대로 전문 영양·식품 연구진과의 협업을 거쳐 제품 라인업을 개발해 왔으며, 여성의 라이프스타일 밸런스에 초점을 맞춘 솔루션을 지속해서 출시하며 향후 브랜드 영역을.",라이프
"파라다이스시티, '원 유니버스 페스티벌 2026' 개최. 원유니버스스튜디오가 주최하고 플럭스소닉이 주관하는 이번 행사는 음악 공연과 다양한 문화·라이프스타일 콘텐츠를 함께 즐길 수 있는 복합문화 축제다.",문화/트렌드
"삼양사 '어바웃미', 검정콩에 엑소좀 기술 더한 헤어케어 두 종 선보여. 신제품은 익숙한 원료인 검정콩을 최신 바이오 기술로 재해석해 기능성과 편리함을 함께 잡은 제품""이라고 말했다. 이어 ""소비자 라이프스타일에 맞는 차별화된 제품을 앞으로도 꾸준히 선보이겠다""고 덧붙였다.",IT/과학
"""기안84 효과 통했나""…롯데웰푸드 '설레임런' 티켓 2시간 만에 매진. 이처럼 최근 러닝이 MZ세대의 대표적인 라이프스타일로 자리 잡으면서 기업들의 러닝 마케팅도 활발해지고 있다.",라이프
"﻿ 30년 멈춘 '17도' 규제…서영석 복지위 간사 ""주류. 청소년이 많이 이용하는 플랫폼에서의 노출을 최소화하고, 유명인과 팬덤을 활용해 음주를 유익한 라이프스타일로 소비하게 만드는 광고 방식이 적절한지 진지하게 검토해야 합니다."" 담배엔 841원, 술엔 0원…""부담금.",라이프
"파리바게뜨, 여름철 차갑게 즐기는 '망고밤 샌드' 출시. 파리바게뜨는 식후 카페를 찾아 디저트를 즐기는 소비자들의 라이프스타일을 반영해 두쫀 타르트, 두쫀팝 케이크, 버터쫀떡, 우베 생크림빵, 우베 라떼, 황치즈 페스츄리, 황치즈 쫀득 츄러스, 초코바게뜨 등 트렌드를.",라이프
"보이넥스트도어 명재현·태산·운학, ""처음으로 지키고 싶은 존재 생겼. 보이넥스트도어(BOYNEXTDOOR) 명재현·태산·운학이 라이프스타일 매거진 '싱글즈' 8월호 커버를 통해 정규 1집 활동 이후 근황과 첫 월드투어를 앞둔 각오를 전했다.",문화/트렌드
"고경표, 롯데칠성 오트몬드 CF 온에어 ""영양 왔다"". 롯데칠성음료는 ""건강한 이미지와 함께 폭넓은 호감도를 갖춘 고경표 배우가 오트몬드가 추구하는 건강하고 균형 잡힌 라이프 스타일을 자연스럽게 전달할 수 있다고 판단했다""고 캐스팅 이유를 밝혔다.",라이프
"""글로벌 아티스트 한자리에"" 파라다이스시티, '원 유니버스 페스티벌'. 음악을 중심으로 문화와 라이프스타일 콘텐츠를 함께 즐길 수 있도록 구성됐다.",문화/트렌드
"""고물가속 휴가비 부담 낮춘다"" NH농협카드, 8월17일까지 '해외 결제액. 회사 관계자는 15일 ""고물가 환경 속에서 여름 휴가비를 준비하는 고객들의 실질적인 비용 부담을 낮추고자 이번 환급 혜택을 준비했다""며 ""향후에도 소비자의 세분화된 라이프스타일과 최신 트렌드를 정밀하게 분석해.",라이프
"""수의사 노하우 담았다""…대상펫라이프 닥터뉴토, '아이큐어 데일리케어. 대상펫라이프의 반려동물 건강식품 브랜드 '닥터뉴토'가 수의사와 공동 개발한 반려견 관절 건강 영양제를 이번 신제품은 지난 2024년 대상펫라이프와 청담우리동물병원 윤병국 대표원장이 체결한 업무협약을.",라이프
"""영 컨슈머 잡아라""…신세계까사, 온라인 전용 라인업 선봬. 신세계까사의 리빙&라이프스타일 브랜드 '까사미아'는 2030 영 컨슈머를 겨냥한 온라인 전용 상품 라인업을 신세계까사 관계자는 ""20·30세대는 온라인을 통해 가구 정보를 탐색하고, 자신의 공간과 라이프스타일에 맞는.",라이프
"롯데웰푸드 '설레임런' 티켓 2시간 만 완판 추가 참가권 이벤트 조기. 최근 식품업계는 제품 체험을 넘어 러닝과 캠핑, 페스티벌 등 라이프스타일 콘텐츠를 접목한 체험형 마케팅을 강화하며 소비자와의 접점을 넓히고 있다.",문화/트렌드
"주식회사 웨스프·슈어홈, 인천적십자사에 취약계층 위한 기부물품 전달. 주식회사 웨스프·슈어홈은 생활가전과 라이프스타일 제품을 중심으로 온라인 커머스 시장에서 자리매김하고 있는 기업으로, 브랜딩 사업과 함께 다양한 사회공헌활동을 지속하며 지역사회 나눔 문화 확산에도 기여하고.",라이프|사회/세계
"LG헬로비전, 지속가능경영보고서 발간…AI 상생·지역 콘텐츠 성과 공개. 공식 유튜브 채널 '헬로라이프'는 구독자 100만명을 돌파했으며, 국내 유료방송 플랫폼 가운데 처음으로 유튜브 골드버튼을 받았다. 회사는 이를 통해 지역 기반 콘텐츠의 사회적 영향력을 입증했다고 평가했다.",문화/트렌드
"외국인이 직접 알린다…헤지스, '틱톡 크루' 2기 출범. 서울의 라이프스타일을 직접 경험한 뒤 콘텐츠를 제작하도록 했다.",문화/트렌드|사회/세계
"동원F&B, '덴마크 하이' 신규 CF 공개 프리미엄 발효유 브랜드 마케팅. 브랜드명은 덴마크어로 건강과 안부를 묻는 인사말인 '헤이(Hej)'에서 착안했으며, 덴마크산 유산균을 통해 건강한 라이프스타일을 제안한다는 의미를 담았다.",문화/트렌드
"‘켄텍형 창업교육’ 통했다…참신한 아이디어 기술사업화 역량 입증. 기술 기반 문제해결형 아이디어가 에너지, AI, 라이프스타일 등 여러 분야로 확장됐다는 점에서 켄텍 창업교육의 폭과 실천성을 보여준다.",IT/과학
“이런 말 자주 하면 부자 될 징조입니다” 윤석금 웅진 회장 신간 출간. 한편 웅진그룹은 최근 상조업체 프리드라이프 인수 효과로 자산 규모가 5조원을 넘어서면서 그룹이 해체 절차를 밟았던 웅진은 핵심 계열사 매각과 사업 재편을 거친 뒤 프리드라이프 인수를 계기로 재도약에 나섰다.,경제
"신한카드, 중앙대 총동문회 제휴카드 출시. 상품 혜택에 따라 △더베스트 엑스오(The BEST-XO) △디스카운트 플랜 플러스(Discount Plan+) △플리 3종으로 출시돼 다양한 라이프스타일과 니즈를 반영했다는 설명이다.",사회/세계
"노인 10명 중 5명 ""아파도 집에서""…생보사, '도심 1·2인실'로 요양 기. KB라이프는 지난 4월 관련 특약에 가입하면 장기요양등급 진단비와 생활비뿐 아니라 시설급여, 치매전담형 시설급여, 식사재료비 등을 보장하는 간병보험을 출시했다.",라이프
"AI 입은 연금보험 경쟁 확산…iFA·iM라이프, 연금보험 2종 출시. iFA는 iM라이프와 함께 AI 기반 변액연금보험인 '오토파일럿 변액연금보험'과 보증형 상품인 '코파일럿 세이프PRO 연금보험'을 출시했다고 15일 밝혔다.",IT/과학
"투썸플레이스, 여름 바캉스 시즌 겨냥 ‘핑구’ 한정판 굿즈 출시. 투썸플레이스가 글로벌 인기 캐릭터 ‘핑구(Pingu)’와 협업해 여름 바캉스 시즌을 겨냥한 2차 한정판 굿즈 라인업을 새롭게 선보인다고 15일 밝혔다.",라이프
"LF헤지스, 외국인 크리에이터 '틱톡 크루' 2기 출범 UGC로 글로벌 고객. 소비자가 직접 제작하는 콘텐츠(UGC)를 활용한 참여형 마케팅을 확대하며 K-패션과 서울 라이프스타일을 참가자들은 헤지스 제품과 서울의 다양한 라이프스타일을 직접 경험한 뒤 자신의 언어와 문화, 시각을 담은.",문화/트렌드|사회/세계
"웨이브, 키자니아 무료 시청 방법. 웨이브는 국내 OTT 서비스로 드라마와 영화, 예능, 해외 시리즈 등 다양한 콘텐츠를 제공하고 있다. 이번 프로모션은 15일부터 연말까지 키자니아 서울에서 이용할 수 있다.",문화/트렌드
"""망고·요거트 크림 가득""…파리바게뜨 '망고밤 샌드' 출시. 신제품은 파리바게뜨의 '밥 먹고 파바 고?' 캠페인의 일환으로 식후 카페를 찾아 디저트를 즐기는 소비자들의 라이프스타일을 반영해 '식사 후 파리바게뜨'로 이어지는 새로운 일상 루틴을 제안하는 것이다, 파리바게뜨.",라이프
"대상펫라이프 닥터뉴토, 반려견 관절 영양제 '아이큐어 데일리케어 관절. 대상펫라이프는 반려동물 건강식품 브랜드 '닥터뉴토(Dr.nuto)'가 반려견 관절 건강 관리에 특화된 영양제 대상펫라이프는 소파나 침대를 자주 오르내리는 등 실내 생활로 관절 부담이 큰 반려견을 위해 하루 한 정으로.",라이프
"일룸, 다이닝·침실 카테고리 신제품 라인업 강화. 일룸은 스마트 가전 보급과 슬리포노믹스, 거실의 서재화 등 변화하는 라이프스타일에 대응해 기능성과 공간 활용도를 높인 제품군을 확대하고, 기존 제품의 디자인과 사용 편의성을 개선했다는 설명이다.",라이프
"파리바게뜨, 망고·요거트 크림 담은 '망고밤 샌드' 출시. 파리바게뜨는 식후 카페를 찾아 디저트를 즐기는 소비자들의 라이프스타일을 반영해 ‘식사 → 파리바게뜨’로 이어지는 새로운 일상 루틴을 제안하고 있다.",라이프
"LG헬로비전, ESG 성과 담은 지속가능경영보고서 발간. 공식 유튜브 채널 '헬로라이프'의 구독자 100만명 돌파와 국내 유료 방송 플랫폼 최초 '골드버튼'을 수상하기도 했다.",문화/트렌드
"BAT로스만스 글로, 반얀트리 서울 풀파티 참여. BAT로스만스 관계자는 “도심 속 프리미엄 풀파티를 통해 여름 시즌에 어울리는 라이프스타일을 제안하고 단순한 이벤트를 넘어 경험 중심 소비 트렌드에 부합하는 브랜드 경험을 제공하고자 한다”며 “앞으로도.",라이프
"프로미스나인 이채영, ""사랑해"" 문자 보낸 현실 반응에 폭소. 각자 다른 방식으로 자신만의 공간을 꾸민 보금자리들이 소개되면서, 그 안에 담긴 라이프스타일이 시청자들에게 전해질 전망이다.",문화/트렌드
"케이엠제약, 대표 10억 '책임투자'…저평가 탈피 시동. 회사는 향후 OEM·ODM 사업 확대와 라이프케어 브랜드 경쟁력 강화에 집중할 계획이다.",경제
"동원F&B, 프리미엄 발효유 ‘덴마크 하이’ 신규 브랜드 캠페인 전개. 동원F&B가 2024년 론칭한 ‘덴마크 하이(Hej!)’는 덴마크어로 건강과 안부를 묻는 인사말 ‘하이(Hej)’에서 착안했으며, 덴마크 유산균을 통해 건강한 라이프스타일을 소비자들에게 제안한다는 메시지를 담고 있다 .",문화/트렌드
"""틱톡 보고 명동 왔다""…LF 헤지스, 글로벌 크루 확대로 외국인 공략. 이번 2기 크루들은 매장 소개 중심에서 벗어나 한국 여행, 명동 핫플레이스, 패션 트렌드 등 K-라이프스타일 한국에서 생활하는 외국인들은 한국의 패션과 여행, 라이프스타일을 일상 속에서 경험하고 있는 만큼 해외.",문화/트렌드
‘구해줘홈즈’ 4050 싱글녀 집. 홈즈’에서는 자신만의 라이프스타일을 즐기며 살아가는 4050 싱글 여성들의 집을 찾아간다. 임장에는 홈즈’는 스타들의 집과 다양한 주거 공간을 소개하며 라이프스타일을 조명하는 부동산 예능 프로그램이다 .,문화/트렌드
"신한라이프, 시니어 대상 자산관리 세미나 개최. 신한라이프가 시니어 고객의 자산관리와 노후 준비를 위한 세미나를 열었다.",라이프
"소녀시대 효연 ""춤 연습, 이제 그만하고 싶어"" 고백(홈즈). 시간적·경제적 여유를 바탕으로 오롯이 '나'를 위한 삶을 꾸려가는 싱글 여성들의 라이프스타일을 들여다볼 예정이다.",문화/트렌드
"대한항공-HD현대오일뱅크, 프로모션 실시. 카젠라운지는 HD현대오일뱅크의 카 라이프 플랫폼 '카앤(Car&)'앱 내에 새롭게 마련된 서비스로, 고급휘발유 ​'카젠'과 초고급휘발유 '울트라 카젠'을 이용하는 고객에게 혜택을 제공한다.",IT/과학
"BAT로스만스 글로, 반얀트리 서울 '2026 오아시스 풀파티' 협업… 프리미. BAT로스만스 관계자는 ""도심 속 프리미엄 풀파티를 통해 여름 시즌에 걸맞은 라이프스타일을 제안하고, 최근 트렌드인 '경험 중심 소비'에 부합하는 차별화된 가치를 전달하고자 한다""며 ""앞으로도 성인 소비자들이.",라이프
형제들 관심 밖 막내 홀로 보폭 넓히. 한화비전·한화모멘텀·한화세미텍·한화로보틱스 등 테크 계열과 한화갤러리아·한화호텔앤드리조트·아워홈 등 라이프 계열을 신설 지주 아래 묶어 김 부사장의 사업군을 독립적으로 재편하는 구조다.,경제
"‘걸크크’ 글로벌 여성 크루 모집. 문화, 라이프스타일 등을 주제로 솔직한 이야기를 나누는 프로그램이다. 국경과 문화의 경계를 넘는 수 있으며, 구글 폼을 통해 지원서를 접수받는다.",문화/트렌드
"""축구야,슈퍼볼이야"" 'BTS 출격' 결승전 하프타임 공연 11분→총25분 휴. 20일 오전 4시(한국시각) 뉴욕 뉴저지 메트라이프 스타디움에서 펼쳐질 결승전 하프타임에는 K-팝 보이그룹 , 마돈나, 샤키라가 공동 헤드라이너로 나서 11분 짜리 슈퍼볼 스타일의 쇼가 진행될 예정이다.",문화/트렌드
"오비고, 공급망 보안 모델 구축 지원 국책과제 주관 선정. 모빌리티 라이프 AX(인공지능 전환) 플랫폼 전문기업 오비고는 과학기술정보통신부와 한국인터넷진흥원(KISA)이 주관하는 '2026년 공급망 보안 모델 구축 지원사업'의 자동차 분야 주관기업으로 최종 선정됐다고 15일.",IT/과학
"""부착하는 이너뷰티 루틴""… 링탭 글루타치온 패치, 출시 1년 만에 가파. 링탭은 글루타치온 패치 외에도 수분, 에너지, PMS 케어 등 라이프스타일에 맞춘 다양한 패치형 웰니스 제품을 선보이며 제품군을 확대하고 있다.",라이프
"톰 크루즈, 월드컵 폐막식서 공중낙하쇼?…글로벌 스타 특별 출연 예고. FIFA는 오는 20일 오전 4시(한국시각) 미국 뉴저지주 메트라이프 스타디움에서 열리는 월드컵 결승전 경기 후 폐막식을 개최할 예정이다.",문화/트렌드
"오비고, 자동차 공급망 보안 국책과제 주관기업 선정. 모빌리티 라이프 AX(AI 전환) 플랫폼 전문기업 오비고(352910)는 과학기술정보통신부와 한국인터넷진흥원(KISA)이 추진하는 ‘2026년 공급망 보안 모델 구축 지원사업’의 자동차 분야 주관기업으로 선정됐다고 15일.",IT/과학
“팔려고 하지 않을 때 더 잘 팔린다”…브랜드 마케팅 기술 100. 윤지숙 작가는 영어체육 교육 브랜드 랭핏을 창업했으며 교육·뷰티·라이프스타일 분야에서 활동하고 있다.,라이프
"'온데이스튜디오' 양은선 대표 ""자신의 아름다움을 자연. 시술 전 고객의 라이프스타일, 평소 메이크업 습관, 원하는 변화와 이미지 등을 세심하게 파악한 후 오직 한 사람만을 위한 맞춤형 디자인을 제안합니다.",문화/트렌드
"롯데홈쇼핑, LA서 초대형 팝업…K-브랜드 수출 플랫폼 ‘이설’ 띄운다. K-뷰티·라이프스타일 팝업스토어(사진)를 운영한다고 밝혔다.",라이프
"LG전자 베스트샵 현대 중동점, 리뉴얼 GRAND OPEN···""웨딩·입주 고객. 서비스는 물론 다양한 신제품까지 한 자리에서 비교할 수 있도록 준비했다""고 말했다. 이어 ""고객의 라이프스타일에 맞춘 전문 상담을 통해 필요한 가전을 합리적으로 준비할 수 있도록 지원하겠다""고 밝혔다.",문화/트렌드
"""해외서 1조 버는데 국내선 뭐하나?"" 절실한 진옥동 회장신한금융, 롯데. KB라이프생명(옛 푸르덴셜생명)을 잇따라 인수했다. 신한금융도 2018년 생명보험업계 5위 회사인 오렌지라이프를 인수하고 신한생명과 통합해 신한라이프를 출범시켰지만 KB금융을 따라잡기에는 역부족이었다.",경제
"“K-콘텐츠 영토 넓힌다” ‘더현대 글로벌’, 일본 도쿄에 ‘플래그십. 인테리어와 공간 연출은 서울의 역동성과 감각적인 라이프스타일을 전달하는 데 초점을 맞췄다. 도쿄에 거주하며 K-패션과 한국 문화에 관심이 많고, 서울을 경험하고자 하는 현지 2030세대가 타깃이다.",문화/트렌드
"마블발·펜듈럼·리센느 파라다이스시티, 복합문화축제 'OUF 26' 개최. 오는 25~26일 컬처파크와 스튜디오 파라다이스 일대에서 펼쳐지는 'OUF 2026'은 음악을 중심으로 다양한 문화와 라이프스타일 콘텐츠를 함께 경험할 수 있는 복합문화 축제다.",라이프|문화/트렌드
"LG헬로비전, ‘AI로 지역 상생’…지속가능경영보고서 발간. LG헬로비전의 공식 유튜브 채널 헬로라이프는 구독자 100만 명을 돌파하며 국내 유료방송 플랫폼 최초로 유튜브 ‘골드버튼’을 수상하는 쾌거를 이뤘다. 환경(E)과 지배구조(G) 측면의 성과도 두드러진다.",문화/트렌드
"배당률 높을수록 좋다?…2026년 K리츠 분석. 여기에 신한알파리츠(6.91%), 롯데리츠(6.78%), 코람코라이프인프라리츠(8.23%), 대신밸류리츠(7.66%), 신한서부티엔디리츠(7.27%)까지 더하면, 임대수익에 기반한 6~10%대 배당군이 시장의 중심을 이룬다.",경제
"LG헬로비전, AI 미디어 플랫폼 통한 로컬 생태계 상생 '이목'. 또 공식 유튜브 채널 <헬로라이프>의 구독자 100만 명 돌파와 국내 유료방송 플랫폼 최초 '골드버튼' 수상을 통해 지역 기반의 콘텐츠가 지닌 사회적 영향력을 입증했다.",IT/과학
"""AI 활용엔 최소 3년, 중장기 플랜 짜야"". KT스카이라이프 사외이사를 지낸 조영임 가천대학교 컴퓨터공학과 교수(사진)는 기업과 이사회의 AI 도입을 조 교수가 몸담았던 KT스카이라이프 이사회 내 AI 관련 의사결정에서도 앞선 중장기적 관점의 판단을 읽을.",IT/과학
"이 모든 생고생은, 미국에서 온 전화에서 시작됐다 [한·미·중 세 바위. 조만간 밴라이프(밴에서 먹고 자며 이동하는 것)를 꼭 해봐야겠다고 생각했다. 도움 받은 것 두 번째는 'The Bolting Bible'(by HowNOT toHighline) 파일이다.",사회/세계
"케이엠제약, 대표이사 참여 10억원 규모 유상증자. 회사는 최근 OEM·ODM 사업 확대와 라이프케어 브랜드 육성, 생산 효율성 향상, 재무구조 개선 등을 추진하며 실적 회복에 주력하고 있다.",경제
"리센느, 데뷔 2년 만에 첫 음방 정상…'프리티 걸'. 리센느는 지난 14일 방송된 SBS 라이프(Life) '더쇼'에서 리메이크 싱글 '프리티 걸(Pretty Girl)'로 1위 트로피를 차지했다. 데뷔 2년 만이다.",문화/트렌드
"롯데호텔-롯데백화점, 우수회원 '등급 맞교환'…여행·쇼핑 한 번에 잡. 그룹 계열사 간 시너지를 기반으로 차별화된 혜택을 제공하고, 호텔과 리조트를 넘어 쇼핑까지 이어지는 통합 라이프스타일 서비스를 강화하겠다는 구상이다.",라이프
"신한카드, 대학 특성 반영 고객 기반 사업 영역 확대 중앙대 총동문회. 상품 혜택에 따라 더베스트 엑스오(The BEST-XO), 디스카운트 플랜 플러스(Discount Plan+), 플리 3종으로 출시돼 다양한 라이프스타일과 니즈를 반영했다.",사회/세계
"케이엠제약, 대표이사 10억 사재 출연…기업가치 회복 나선다. 케이엠제약은 최근 OEM·ODM 사업 확대와 라이프케어 브랜드 육성, 생산 효율성 제고, 재무구조 개선 등을 추진하며 실적 회복에 집중하고 있다.",경제
"파라다이스시티, 25일 '원 유니버스 페스티벌 2026' 개최. 음악 공연을 중심으로 문화와 라이프스타일 콘텐츠를 함께 구성했다. 파라다이스시티가 ‘원 유니버스 페스티벌 2026’을 개최한다.",문화/트렌드
"누에라, ‘.exe’ 콘셉트 포토·필름 공개. 이날 풍성한 세트리스트로 현장을 뜨겁게 달궜으며, '.exe'의 수록곡 'LIFE IN COLOR'(라이프 인 컬러)를 최초 공개해 팬들의 뜨거운 호응을 얻었다.",문화/트렌드
월드컵 폐막식에 톰 크루즈 뜬다 미션 임파서블 재현? 피파는 오는 20일 오전 4시 미국 뉴저지주 메트라이프 스타디움에서 열리는 월드컵 결승전을 앞두고 폐막식을 개최할 예정이라며 이같이 밝혔다.,문화/트렌드
"서울 중구, 청년 정주 지원 강화…전담 TF 출범. 생활 분야에서는 '서울청년센터 중구'와 '중구1인가구지원센터' 간 협업 체계를 구축해 청년 맞춤형 지원 서비스를 연계하고, 문화생활 활성화를 위한 '중구 라이프업 패스'도 도입할 예정이다.",문화/트렌드
추억의 ‘후아유’ 어디갔나 했더니 베트남서 MZ 교복 됐다. 국내에서 검증된 시그니처 아이템을 현지 기후와 라이프스타일에 맞게 구성해 시장 적합성을 높였다고 회사 측은 설명했다.,사회/세계
"""반년간 술만 마셨다""…'싱글맘' 한그루, 씁쓸한 고백. 그는 결혼 후 활동 중단했으며 이혼한 뒤 드라마 '야한 사진관', '신데렐라 게임', '컨피던스 KR', '라이프업 시즌2' 등 다수 작품에서 모습을 드러냈다.",문화/트렌드
"아이지넷, 책임경영 행보…임직원 주식 매입 지속. 현재 신한라이프, 원금융서비스, 흥국생명 등 보험사를 대상으로 DB를 공급하고 있다. 이를 바탕으로 매출 규모뿐 아니라 수익성도 개선되고 있는 상황이다.",경제
"모발과 두피도 자외선 차단이 필요해. 미국 의료기기 전문 매체 ‘인테그라 라이프사이언시스(Integra LifeSciences)’가 2021년 인용한 연구에 따르면, 20년간 113건의 두피 흑색종을 분석한 결과 그중 70%가 자외선으로 손상을 입은 두피에서 발생한 것으로.",사회/세계
"美 고령층 1400만 명 ‘식량 불안’, 인종간 격차 뚜렷. 브라보마이라이프=이준호 노인복지 전문 기자 | 독거 고령자 절반 기본생활비 부족… “노인 식사 지원해야” 캠페인도 미국에서 약 1400만 명의 고령자가 충분한 식사를 안정적으로 확보하지 못할 위험에 놓인.",사회/세계
"꽃을 보는 정원에서 몸과 마음을 돌보는 정원으로… 춘천 제이드가든[김. ● 정원은 라이프스타일이 된다 제이드가든 입구의 ‘살롱제이드’는 강원 지역의 식재료를 활용한 브런치와 베이커리, 커피와 주스를 선보인다.",라이프
"생보사, 배타적사용권 '주도'…신상품 '차별화'보다 '효율성' 중심 재편. 이어 DB생명이 2건을 받았으며, 신한라이프, 라이나생명, AIA생명이 각각 1건씩 획득했다. 손보사는 S특약' △라이나생명 '암생존지원특약' △DB생명 'AI 라이프케어 암보험' 등이 대표적이다.",문화/트렌드
"② 워터파크도 편의점에서?…여행객 잡는 K편의점. 세븐일레븐은 그동안 금과 은, 해외여행 상품, 타이어 교체 서비스 등 이색 서비스를 꾸준히 확대해 왔으며, 최근에는 라이프스타일 서비스 강화에 속도를 내고 있다. 여행객을 겨냥한 상품도 다양해지고 있다 .",라이프
"방시혁 하이브 이사회 의장. 이후 BTS는 2020년 '새비지 러브'(1주)와 '라이프 고스 온'(1주), 2021년 '버터'(10주)와 '퍼미션 투 댄스'(1주), '마이 유니버스'(1주) 등으로 모두 17번 빌보드 핫100 1위에 올랐다.",문화/트렌드
(99)화광동진(和光同塵)-대중과 섞. 이케아는 가구 매장을 넘어 대중의 라이프스타일 그 자체가 됨으로써 세계적인 아이콘이 되었다. 당근마켓(당근)은 '동네'라는 일상의 먼지 속에서 폭발적인 성장을 이뤄 냈다.,문화/트렌드
"경찰, 축구협회 임원 잇단 소환. 수사의 핵심은 감독 추천·선택 과정에 지도부의 외압이 있었는지를 밝히는 데 있다. 박정보 서울경찰청장은 ""국민적 관심이 큰 사건인 만큼 집중적으로 수사해 빨리 결론을 내리겠다""고 밝혔다.",사회/세계
"'공중 낙하쇼?'…톰 크루즈, 북중미월드컵 폐막식 특별 출연. 국제축구연맹(FIFA)은 오는 20일 오전 4시(한국시간) 미국 뉴저지주 메트라이프 스타디움에서 열리는 월드컵 결승전을 앞두고 폐막식을 개최할 예정이라고 15일 전했다.",문화/트렌드|사회/세계
"제헌절, 무슨 날인지 알고는 쉬자. 전문가들은 제헌절을 단순한 휴일로 보내기보다 대한민국 헌법이 담고 있는 자유민주주의와 국민의 기본권, 법치주의의 의미를 되새기는 날로 기억할 필요가 있다고 강조한다.",라이프
"""소수라서 소외되지 않게""…희귀질환자에 기적을 선물한 공무원. 장애인처럼 돌봄이나 재활이 더 필요할 수도 있는데 1400여 종에 달하는 질환별로 라이프 로그 같은 조사가 되어 있지 않으면 정책적으로 접근하기가 되게 쉽지 않아요."" 그녀가 임기 막바지까지 국립보건연구원(NIH)의.",사회/세계
"초복 삼계탕…이런 사람은 피해야. 전문가들은 삼계탕을 먹을 때는 개인의 건강 상태를 고려하고, 특히 만성질환자는 국물 섭취와 양을 조절하는 것이 바람직하다고 조언한다.",라이프
"최저임금 1만700원…월급 223만원. 노사 양측은 고시 전 이의를 제기할 수 있고, 장관이 이유가 있다고 판단하면 재심의를 요청할 수 있지만 실제 재심의가 이뤄진 사례는 아직 없다.",경제
"임영웅, 달걀말이 망해 충격→넉살, 허경환 먹던 뼈 뜯어 ‘난리’ (산. 임영웅이 새로운 멤버들과 함께 한층 시끌벅적한 산골라이프를 펼쳤다. 7월 14일 방송된 SBS ‘산골총각 영웅’ 4회에서는 임영웅이 허경환, 곽범, 넉살, 로이킴과 함께 새로운 산골 라이프를 선보였다.",문화/트렌드
“너무 예뻐서”…월드컵중계 사고 화제. 오는 20일 오전 4시 뉴욕 메트라이프 스타디움에서 열리는 결승전에서는 월드컵 역사상 첫 공식 하프타임 네 차례 공식 프로젝트에 참여하며 대회와 각별한 인연을 이어가고 있다.,문화/트렌드
‘원 유니버스 페스티벌 2026’ 파라다이스시티 개최. 원유니버스스튜디오가 주최하고 플럭스소닉이 주관하는 ‘원 유니버스 페스티벌 2026’은 음악을 중심으로 다양한 문화와 라이프스타일 콘텐츠를 함께 즐길 수 있는 복합문화 축제다.,문화/트렌드
"아이재아 톰슨, 첫 내한 공연. 서울 공연은 오는 26일 오후 6시 서울 중구 푸르지오 아트홀에서 열린다. 티켓은 놀티켓과 네이버예약을 통해 예매할 수 있으며, 학생 할인도 제공된다.",문화/트렌드
한화생명·예보 유착 의혹 배경엔 ‘김동원 지분 0.03%’. 금융 계열 지배구조 정점에 선 한화생명은 상반기 기준 △한화손해보험(000370)(63.3%) △한화생명(088350)금융서비스(100%) △한화자산운용(100%) △한화저축은행(100%) △한화라이프랩(100%) △한화손해사정(100.,경제
생보사들 연금보험 잇단 출시…장기자금 확보전. 14일 보험업계에 따르면 KB라이프는 올해 초 ‘KB 넥스트 레벨업 연금보험’을 출시한 데 이어 이달 온라인 iM라이프도 지난달 주력 보증형 변액연금 3종의 연금 기능을 강화해 개정 출시했다.,경제
베이조스·올트먼·틸까지…왜 불멸에 베팅하나. 알파벳의 지원을 받으며 10여 년간 5건의 임상을 전개했지만 단 하나의 상업적 결실도 내놓지 못한 칼리코 라이프 사이언스는 파트너 애브비가 계약을 전격 파기하며 동력을 잃었다.,라이프
"""평지에도 비틀"" 왜 나이 들면 균형감각 떨어질까. 브라보마이라이프=전혜정 기자 | ""예전에는 아무 생각 없이 계단을 내려갔는데, 요즘은 꼭 난간부터 잡게 됩니다."" 평지를 걷다가 순간 중심을 잃거나, 신발을 신으려고 한쪽 발로 섰는데 몸이 흔들리는 경험.",라이프
"iM금융그룹, ‘피움랩’ 운영…“될성부른 핀테크 스타트. 피움랩은 iM뱅크를 비롯해 iM증권, iM캐피탈, iM라이프생명보험 등 iM금융그룹 계열사와 디지털 시너지를 낼 수 있는 혁신 기술·서비스 스타트업을 발굴·육성하는 프로그램이다.",IT/과학
타이레놀 복용이 자폐 유발?’…美 법정 공방 가열. 임신 중 아세트아미노펜 복용과 자폐 스펙트럼 장애(ASD)·주의력결핍과잉행동장애(ADHD)간 연관성을 둘러싼 미국 내 법정 공방이 재개될 전망이다.,라이프
“31년 PB 노하우 ‘하나더넥스트’ 시니어 라이프 설계하죠”. 브라보마이라이프=서지희 기자 | 이은정 하나은행 WM본부장 “외국환 전문은행 하면 하나은행 브라보마이라이프와의 인터뷰에서 시니어 특화 브랜드 ‘하나더넥스트’에 대한 목표를 이같이 밝혔다.,사회/세계
계좌 파랗게 질려도 '월 500만원' 따박따박…폭락장 버틴 50대의 비결. 싱글파이어는 경제적 자유와 행복한 일상을 위한 꿀정보를 제공하는 경제·재테크·라이프스타일 채널입니다. 주가가 폭락하면 투자자들은 두려움에 빠진다.,사회/세계
"신세계百, 더 헤리티지 문화예술 플랫폼 강화 박선기 개인전 개최. 더 헤리티지는 백화점 내 미술관과 정원, 역사적 건축 공간을 하나로 연결한 복합 문화 플랫폼으로 운영되며 단순히 작품을 감상하는 것을 넘어 공간을 직접 체험하고 예술을 일상에서 향유할 수 있는 새로운 라이프스.",라이프
"① “매달 4만원이면 떠난다”…휴가 준비도 쇼핑. 기존 의류 중심에서 벗어나 여행용품과 뷰티, 소형가전 등 라이프스타일 상품군을 확대하며 여행 준비 수요를 적극 흡수하겠다는 전략이다. 여행을 떠나는 대신 여행 분위기를 즐기려는 소비도 늘고 있다.",라이프
"야구장 밖에서도 입는다…'힙한' 패션으로 팬심 잡는 프로야구. 있는 라이프스타일 MD를 선보이기 위해 이번 협업을 기획했다""며 ""국내 대표 K-패션 브랜드 마뗑킴의 응원용품의 하나였던 굿즈가 패션과 콘텐츠를 아우르는 라이프스타일 상품으로 진화했다.",문화/트렌드|라이프
"""초복에 또 삼계탕?"" 시니어 추천 복날 보양식 Top 6. 브라보마이라이프=한승희 기자 | 여름철 무더위 속에서 원기 회복과 영양 보충을 돕는 보양식은 매년 복날마다 관심 받는 대표 식단이다.",라이프
"레모나 그 이상의 가치, 경남제약의 새로운 성장 공식. 과거에는 비타민을 판매하는 기업이었다면, 이제는 건강한 라이프스타일을 제안하는 기업으로 진화를 의약사업부와 H&B사업부를 중심축으로 라이프스타일 영역까지 사업 기반을 확장하는 전략은 특정 시장 의존도를.",사회/세계
글로벌 바이오허브가 바뀐다 AI·정부 투자·산학연 클러스터가 견인. 글로벌 부동산 컨설팅업체 CBRE의 '글로벌 라이프사이언스 아틀라스(Global Life Sciences Atlas)'에 따르면 지난해 전 세계에서 건설 중인 연구실과 연구개발(R&D) 공간은 3500만 제곱피트(약 325만㎡)를 넘어섰다.,IT/과학
"치매 진단받기 15년 전… '회사 업무 능력'에서 먼저 티가 났다. 미국 뉴저지 회복센터 '풀 오브 라이프(Pool of Life)' 의료자문 에드문도 로드리게스-프리아스 박사는 ""업무 계획을 세우거나 여러 일을 동시에 관리하는 능력이 떨어지고, 의사결정이나 언어 사용, 새로운 업무 적응이.",라이프
실버타운 가장 작은 13평형도 살만할까? ‘엄마아빠 정보독립시대’는 세컨드라이프를 위한 디지털·생활 정보를 쏙쏙 뽑아 전달하는 프로그램입니다. 위례 심포니아는 2025년에 문을 연 102세대의 도심형 실버타운입니다.,라이프
